Organization,Followed On
AVL Deutschland GmbH,Sun Jan 14 07:21:42 UTC 2024
Leadership Right,Sat Jan 13 20:43:04 UTC 2024
Project Management,Sat Jan 13 20:42:59 UTC 2024
OpenSanctions,Sat Jan 13 10:38:40 UTC 2024
Jobifiy,Fri Jan 12 11:15:43 UTC 2024
Bayern International,Fri Jan 12 10:54:08 UTC 2024
Leadership First,Thu Jan 11 12:57:56 UTC 2024
Airbus,Thu Jan 11 12:47:04 UTC 2024
CGI,Thu Jan 11 10:14:54 UTC 2024
CWS Deutschland,Thu Jan 11 10:09:41 UTC 2024
Business Infographics,Tue Jan 09 11:58:37 UTC 2024
My Career Nepal,Sun Jan 07 19:01:12 UTC 2024
Veda App (à¤µà¥‡à¤¦),Sat Jan 06 11:50:46 UTC 2024
Source Technology,Sat Dec 23 13:10:10 UTC 2023
The Information Lab Deutschland,Sat Dec 23 08:10:47 UTC 2023
CheatSheets,Fri Jan 12 11:07:31 UTC 2024
Docsumo ðŸ“„,Wed Dec 20 10:39:00 UTC 2023
ITONICS - The Innovation OS,Wed Dec 20 10:38:57 UTC 2023
OESON,Wed Dec 20 10:35:23 UTC 2023
Kumari Job Training Services,Sun Dec 03 09:05:54 UTC 2023
Remote Game Jobs,Sun Dec 03 07:54:02 UTC 2023
Blizzard Entertainment,Sun Dec 03 07:54:00 UTC 2023
consultingcontact,Sun Dec 03 07:53:58 UTC 2023
Get. In. Kongress,Sun Dec 03 07:53:56 UTC 2023
Gunther Schmidt,Sun Dec 03 07:53:54 UTC 2023
80.lv,Sun Dec 03 07:30:04 UTC 2023
Siemens,Wed Oct 04 18:21:30 UTC 2023
Neco jobs Pvt. Ltd.           ,Wed Oct 04 18:21:29 UTC 2023
Slicejob,Wed Oct 04 18:21:28 UTC 2023
Clusus Information Solutions Pvt. Ltd.,Wed Oct 04 18:21:28 UTC 2023
adidas,Wed Oct 04 18:21:26 UTC 2023
Hyperce,Wed Oct 04 18:16:56 UTC 2023
Kellanova,Thu Sep 28 13:37:00 UTC 2023
Inspiring Lab,Fri Sep 22 06:47:30 UTC 2023
AI,Tue Aug 22 15:07:14 UTC 2023
MEDIA AGE AGENCYâ„¢ ,Fri Aug 11 06:21:18 UTC 2023
Munich Re,Tue Jun 20 04:47:19 UTC 2023
Nimble,Wed Jun 07 18:55:14 UTC 2023
Tech Parivartan,Tue Jun 06 21:43:00 UTC 2023
LevelUp StartUp ðŸš€,Wed May 24 16:32:44 UTC 2023
Dealcheck,Thu May 04 15:49:24 UTC 2023
Sourced Group an Amdocs Company,Wed May 03 12:21:06 UTC 2023
Wand,Sun Apr 16 09:30:36 UTC 2023
GOLCHHA GROUP,Sun Apr 16 08:14:11 UTC 2023
SIPRADI,Sun Apr 16 07:58:34 UTC 2023
Coca-Cola Beverages Nepal,Sun Apr 16 07:58:34 UTC 2023
Job Vacancy In Nepal,Sun Apr 16 07:58:33 UTC 2023
Vishal Group,Sun Apr 16 07:58:32 UTC 2023
Laxmi Intercontinental  Pvt. Ltd,Sun Apr 16 07:58:30 UTC 2023
Triveni Group,Sun Apr 16 07:58:29 UTC 2023
BATAS Organization,Sun Apr 16 07:58:28 UTC 2023
Data Works,Fri Mar 17 02:37:45 UTC 2023
Generative AI,Fri Mar 17 02:37:43 UTC 2023
Grow Corp Global,Tue Mar 07 11:19:26 UTC 2023
M&R SOLUTION,Wed Feb 22 03:36:47 UTC 2023
Learning Materials,Fri Dec 30 16:10:57 UTC 2022
J & J Traders,Fri Dec 23 13:53:37 UTC 2022
Miocache,Fri Dec 23 13:53:34 UTC 2022
Yes Informatics,Fri Dec 23 13:53:32 UTC 2022
Megabyte Tech Pvt. Ltd.,Fri Dec 23 13:53:26 UTC 2022
Winzark,Fri Dec 23 13:53:22 UTC 2022
AI & Big Data Expo World Series,Fri Dec 23 13:53:11 UTC 2022
Nimble Clinical Research,Sun Sep 18 09:07:59 UTC 2022
Clini-Hub,Sun Sep 18 09:06:53 UTC 2022
Nepal Medishop,Fri Aug 05 02:31:47 UTC 2022
hindi knowledge,Mon Aug 01 02:22:14 UTC 2022
pkpurekanxa,Mon Aug 01 02:22:13 UTC 2022
Cloudlaya.com,Fri Jul 15 00:50:04 UTC 2022
Nepal Gramodhyog,Sun May 15 08:05:24 UTC 2022
MINOTTI S.p.A.,Tue Apr 26 16:32:51 UTC 2022
Reece USA,Tue Apr 26 16:32:50 UTC 2022
Cantoni,Tue Apr 26 16:32:50 UTC 2022
Pacific Design Center,Tue Apr 26 16:32:49 UTC 2022
javierperez,Tue Apr 26 16:32:47 UTC 2022
Heaven Himalaya,Thu Apr 07 01:53:02 UTC 2022
Digischool Global,Sun Apr 03 05:58:35 UTC 2022
The Stepstone Group,Sun Mar 27 10:21:52 UTC 2022
Vacker360,Sun Mar 27 10:13:01 UTC 2022
Himalpost.com,Mon Mar 21 04:57:36 UTC 2022
Nepal Cloud Professionals (NCP),Mon Mar 21 04:57:34 UTC 2022
Microplus Technologies Pvt. Ltd.,Mon Mar 21 04:56:10 UTC 2022
Mahindra Group,Mon Mar 07 14:44:52 UTC 2022
United Nations,Mon Mar 07 14:44:51 UTC 2022
KPMG,Mon Mar 07 14:44:50 UTC 2022
Shopee,Mon Mar 07 14:44:49 UTC 2022
PwC,Mon Mar 07 14:44:42 UTC 2022
Accenture,Mon Mar 07 14:44:40 UTC 2022
Amazon Science,Mon Mar 07 14:43:41 UTC 2022
Infosys,Mon Mar 07 14:43:37 UTC 2022
Suvidha Sewa Pvt. Ltd.,Mon Mar 07 14:43:29 UTC 2022
Wipro,Mon Mar 07 14:43:07 UTC 2022
Spotify,Mon Mar 07 14:42:58 UTC 2022
Kedia Organisation,Mon Mar 07 14:42:52 UTC 2022
Infotech Services,Mon Mar 07 14:42:40 UTC 2022
Microsoft Learn,Mon Mar 07 14:41:48 UTC 2022
MIT Computer Science and Artificial Intelligence Laboratory (CSAIL),Mon Mar 07 14:41:44 UTC 2022
OpenAI,Mon Mar 07 14:41:42 UTC 2022
Google DeepMind,Mon Mar 07 14:41:41 UTC 2022
AI at Meta,Mon Mar 07 14:41:37 UTC 2022
Open Robotics,Mon Mar 07 14:41:36 UTC 2022
Towards AI,Mon Mar 07 14:41:35 UTC 2022
Code Fusion Technologies Pvt. Ltd.,Fri Mar 04 00:31:31 UTC 2022
Tech Tutorial,Fri Mar 04 00:31:28 UTC 2022
Chaudhary Group,Tue Feb 15 13:39:02 UTC 2022
Shree Steels,Tue Feb 15 13:39:01 UTC 2022
MAW Earthmovers Pvt. Ltd.,Tue Feb 15 13:39:00 UTC 2022
Deloitte,Tue Feb 15 13:39:00 UTC 2022
Coding Ninjas,Tue Feb 15 13:38:59 UTC 2022
Cognizant,Tue Feb 15 13:38:58 UTC 2022
Jobs In Nepal ,Tue Feb 15 13:38:58 UTC 2022
Women Techmakers,Tue Feb 15 13:38:28 UTC 2022
Naamche,Mon Feb 14 13:31:07 UTC 2022
ServiceNow,Mon Feb 07 13:27:15 UTC 2022
Palumni VC,Mon Feb 07 13:27:14 UTC 2022
SkipQ,Mon Feb 07 13:27:14 UTC 2022
EB Pearls,Mon Feb 07 13:27:13 UTC 2022
Google for Developers,Mon Feb 07 13:27:12 UTC 2022
AWS Training & Certification,Mon Feb 07 13:27:11 UTC 2022
Deerhold Ltd.,Mon Feb 07 13:27:10 UTC 2022
Asterdio,Mon Feb 07 13:27:09 UTC 2022
Om International - Cashmere Manufacturer,Mon Feb 07 13:22:32 UTC 2022
LinkBinary,Mon Feb 07 13:22:28 UTC 2022
Binita Bhatta,Thu Feb 03 11:52:09 UTC 2022
Data Research Council For Students(DRCFS),Tue Jan 04 10:54:14 UTC 2022
Fresher Jobs,Tue Dec 21 01:20:37 UTC 2021
L&T Technology Services,Tue Dec 21 01:20:34 UTC 2021
Fresher Jobs,Tue Dec 21 01:20:32 UTC 2021
GoodJobs Pvt.Ltd,Fri Dec 10 09:56:31 UTC 2021
E-Commerce Nation,Fri Dec 10 09:53:59 UTC 2021
Hackmakers,Fri Dec 10 09:53:14 UTC 2021
Towards AWS,Fri Dec 03 05:25:42 UTC 2021
Machine Learning Mastery,Fri Dec 03 03:02:22 UTC 2021
AI4Diversity,Thu Nov 25 01:00:58 UTC 2021
AI4Diversity: OpenSource,Mon Nov 22 02:32:37 UTC 2021
Teslatech Nepal,Fri Nov 12 15:45:27 UTC 2021
"Spiralogics, Inc.",Fri Nov 12 15:44:56 UTC 2021
BeyondID,Mon Nov 08 03:57:27 UTC 2021
Sherpa Technologies,Mon Nov 08 03:37:32 UTC 2021
Tekvortex,Mon Nov 08 02:05:10 UTC 2021
Career In Nepal ,Mon Nov 08 01:26:57 UTC 2021
Allpasal Public Limited,Thu Nov 04 04:35:21 UTC 2021
Access Scholarships,Tue Nov 02 07:09:17 UTC 2021
AWAM,Tue Nov 02 06:27:45 UTC 2021
Scholarship Track,Tue Nov 02 06:25:55 UTC 2021
DeepMind Creations Pvt Ltd,Tue Nov 02 02:27:30 UTC 2021
Scholarships.com,Fri Oct 22 18:10:14 UTC 2021
TECH Setu,Sun Aug 08 12:11:37 UTC 2021
EKbana Solutions Pte. Ltd,Sat Jul 24 02:46:55 UTC 2021
Bottle,Sat Jul 24 02:46:54 UTC 2021
MPercept Technology,Sat Jul 24 02:46:54 UTC 2021
Numeric,Sat Jul 24 02:46:53 UTC 2021
NumericMind,Sat Jul 24 02:46:42 UTC 2021
Wiseyak Inc.,Thu Jul 22 11:19:13 UTC 2021
Innovate Tech,Sun Jul 18 13:24:24 UTC 2021
SUSANKHYA FutureTech,Sun Jul 18 04:49:15 UTC 2021
ROyal's IT Service,Fri Jul 16 16:33:01 UTC 2021
9to5Google,Wed Jun 30 04:58:21 UTC 2021
CryptoMonday,Wed Jun 30 04:58:20 UTC 2021
Exotic Learning,Wed Jun 30 04:58:19 UTC 2021
HCLTech,Wed Jun 30 04:58:17 UTC 2021
Thoughtworks,Wed Jun 30 04:58:15 UTC 2021
LatticeFlow,Wed Jun 30 04:58:09 UTC 2021
PANDA | Science. Sense. Society.,Wed Jun 30 04:58:08 UTC 2021
Snowflake,Fri Jun 25 04:04:01 UTC 2021
Databricks,Fri Jun 25 04:04:01 UTC 2021
Splunk,Fri Jun 25 04:04:00 UTC 2021
MongoDB,Fri Jun 25 04:03:59 UTC 2021
Datadog,Fri Jun 25 04:03:53 UTC 2021
Webflow,Thu Jun 10 06:27:59 UTC 2021
Ahoy.so,Thu Jun 10 06:27:55 UTC 2021
Algorithms Made Easy,Thu Jun 10 06:27:04 UTC 2021
Codecademy,Thu Jun 10 06:27:03 UTC 2021
Deerwalk Institute of Technology,Thu Jun 10 06:26:59 UTC 2021
Jobssniper,Thu Jun 10 06:26:52 UTC 2021
CodeChef,Thu Jun 10 06:26:40 UTC 2021
Open Data Science Conference (ODSC),Wed Jun 09 02:03:47 UTC 2021
Real Python,Wed Jun 09 02:03:40 UTC 2021
Internalaya,Wed May 19 13:46:20 UTC 2021
LOCUS,Wed May 05 04:29:39 UTC 2021
Better Programming,Wed Apr 28 16:21:35 UTC 2021
eLearn - Free Online Courses |  100%OFF Coupons |,Wed Apr 28 16:21:33 UTC 2021
W3Schools.com,Wed Apr 28 16:21:32 UTC 2021
Treeleaf Technologies,Thu Apr 15 16:42:56 UTC 2021
Chulo Solutions,Thu Mar 18 00:20:12 UTC 2021
Moru Digital Wallet,Thu Mar 04 00:20:06 UTC 2021
Braindigit,Sun Feb 28 02:11:22 UTC 2021
VolgAI ,Sun Feb 28 02:11:16 UTC 2021
Outcode Software,Mon Feb 22 14:47:54 UTC 2021
Devfinity,Mon Feb 22 12:51:20 UTC 2021
"Tribhuwan University, Nepal Notice",Mon Feb 22 12:09:23 UTC 2021
jobkhabar.online,Mon Feb 22 12:09:21 UTC 2021
Empathy IT Club ,Fri Feb 19 14:10:03 UTC 2021
Smtech Technology,Fri Feb 19 14:10:02 UTC 2021
IDenTV,Fri Feb 19 14:10:00 UTC 2021
UpTechSys ,Wed Feb 17 16:47:39 UTC 2021
dcreatopedia,Tue Feb 09 16:25:35 UTC 2021
Connecting Soft Nepal Pvt. Ltd,Sun Jan 31 13:11:34 UTC 2021
JobAxle - IT & Engineering Jobs,Sat Jan 30 06:04:00 UTC 2021
Age Of Geeks,Sat Jan 30 06:03:58 UTC 2021